species,biomass_min,treeheight_min,soilmoisture_min,peatmap_min,biomass_max,treeheight_max,soilmoisture_max,peatmap_max,s2_NDVI_mean_min,hii_hii_mean_min,hii_population_density_mean_min,hii_power_mean_min,hii_roads_mean_min,dem_b1_mean_min,bioclim_bio01_mean_min,bioclim_bio12_mean_min,s2_NDVI_std_min,hii_hii_std_min,dem_b1_std_min,s2_NDVI_mean_max,hii_hii_mean_max,hii_population_density_mean_max,hii_power_mean_max,hii_roads_mean_max,dem_b1_mean_max,bioclim_bio01_mean_max,bioclim_bio12_mean_max,s2_NDVI_std_max,hii_hii_std_max,dem_b1_std_max,n_occ,AOO2km,EOOkm2,RedListCategory
Hericium erinaceus,43.706375,12.821930625,12.704528125,0.40257375,227.54789375,130.986578125,74.69183937500001,1.3765625,-0.0974249323806983,447.990978094356,116.15429327289948,0.0,41.00381348867233,9.18648911266168,64.77724390495439,512.9438207011557,0.0605589606431565,118.52895001474258,4.821563375458981,0.8282897659924644,4626.482275581147,944.4696734849416,900.0,856.921556875658,169.47043245215576,78.26646999861899,861.119619878224,0.7473597335655657,1050.1227214309215,36.87958577045468,118,168,73060.7414503463,CR
Pyrenula coryli,43.511624999999995,25.7057625,9.025325,0.5515875,168.2339375,103.4581375,67.9576,2.0079624999999997,0.2199613980829868,316.48686410489057,22.080221827078457,0.0,270.203001859456,11.581903927123337,12.619149920425096,513.2676224952893,0.1133969745726644,95.61838278041104,7.415561289294055,0.7445234049934297,3313.1583446661557,708.8455127810554,619.2633265976483,889.6214991470325,603.316327302542,73.40348255566327,1001.6717607053752,0.4430386219912527,1008.198297282155,66.42923688367853,21,44,167915.550810843,CR
Artomyces cristatus,29.248309375,63.21433,18.683750625,0.5249137500000001,128.97178749999998,107.73999374999995,58.86440374999999,1.3814093749999998,0.2385080857884656,421.5852809180074,101.99040504949298,0.0,261.366836182832,124.89818478614669,50.237331598352974,778.3696968166788,0.0570509701981139,106.18187871838656,14.733564153621574,0.8259650782145334,1052.600534295541,253.988237125354,0.0,606.5671191055693,232.3679533594021,60.00733059206792,813.1034636480077,0.4349949894549018,316.1123204405029,34.21497684219625,84,72,730.726937618866,CR
Toninia plumbina,31.629375000000003,47.689196875,18.10870625,1.100140625,131.654609375,105.010271875,75.32530312499999,2.9785781250000003,0.0614523792287099,241.82108984348895,103.0165962513726,0.0,30.192291226501393,48.20924092622965,49.08377108353845,609.4463725373528,0.0276118403259809,76.9009150519818,6.920998748715159,0.7983954360763418,1046.7192428920523,249.97759726873437,288.67609047080043,667.1279400101308,230.87292309802092,67.03080294279432,794.0657802368146,0.3308135684182932,454.1038412289279,49.24842123378431,46,16,103408.165922057,CR
Pannaria rubiginosa,44.792625,27.339225,22.481415,0.57256,145.13087499999995,100.81978999999995,75.35808,2.978485,0.0652924179186365,348.03980255919436,80.36624205021195,0.0,69.45511723781165,99.86202595242575,13.093470596462009,661.4262177160557,0.0323569501860259,86.14560597445922,6.868371676919729,0.8141085087802362,1514.3313481148275,394.08594609430054,543.7438470788003,676.2658016897816,594.1629104440781,67.03637930415358,915.0909779997947,0.4375583331977182,635.7583428238187,60.65663393651363,90,92,64763.1870257727,CR
Russula puellula,71.59175,36.8805575,15.3082525,0.63038,183.9406,119.63727,80.841125,1.3533799999999998,0.2435157172426535,747.5951976629773,210.8497127918208,0.0,142.35185815527328,21.34618015460369,54.34732538128581,603.5770900546559,0.1509004215344689,180.40124480708388,5.403702185580553,0.7649207472821714,5122.212758019285,999.1071890780048,945.8065877290632,886.5590005895825,236.2964098925139,77.45241088996084,806.5006744001902,0.4147436578173837,1158.3533046460411,33.551293920709426,13,48,28379.1120146108,DD
Trichoderma seppoi,32.65516875,42.012963125,30.564311875,1.14246625,87.85846875,81.12339625,54.996315625,2.0627206250000003,0.4093331969286226,113.22796809577258,19.71086726518678,0.0,71.26193916685678,70.44283783056201,-7.781239133221748,480.5594890532875,0.0571963591738505,35.766057711179045,13.356359909249903,0.7673082164837023,3587.0313310408924,781.8531762703993,896.8231183095991,740.1830224306964,609.2744370721871,41.79978813271876,643.9905847844128,0.2746271797764498,774.3580458033521,55.56147369062892,10,36,97119.6300998423,DD
Butyriboletus subappendiculatus,40.940625,36.6898875,17.7614125,0.7024125,160.8660625,101.73565,50.6986,1.4129,0.2310498865820533,908.428723815377,246.5317623301012,0.0,327.30639074280276,23.482723612388657,50.51602083859759,634.3056705303985,0.108716048511242,353.95363624162485,10.786106963106018,0.7508830739827237,4481.640467330772,961.7589275969356,900.0,867.8834294061877,256.51196777558687,71.58381653702148,856.6471020906889,0.4295763674901675,1359.1907703446668,43.49151133049861,23,68,7123.15188366406,DD
Inocybe haemacta,45.966171875,28.53593125,13.119575,0.870753125,194.93553125,118.197290625,33.195565625,1.0620500000000002,0.368171598026839,1147.268463540871,268.89222951760536,78.61639908508451,186.4466377713028,8.57676520966221,74.00004548672015,604.823203376898,0.1393143569364596,251.80483235492432,2.5540474804304014,0.763995372013431,3593.551164072878,961.3669420010629,900.0,611.9920947660523,92.03640802011702,79.66602064614986,690.1224276422744,0.2897789785502781,664.8712283312486,34.76990842218673,16,28,4617.44792407684,DD
Ramaria tridentina,56.946975,72.35249499999999,23.2109,0.97612,125.08985,102.4471,50.91366000000001,1.4012600000000002,0.1596692713766366,153.22207308226814,107.53209862536634,0.0,39.62251324849946,26.374428539829843,38.114828444928925,584.3238742194288,0.0731074367484001,14.70985916918375,12.09910672457279,0.8222159027514069,1559.151173949188,330.61805698012745,177.84958638815002,774.3276500390224,315.0769673098409,57.99924550505266,733.383742032607,0.35104103873697,674.0296564864389,37.352837129649195,116,60,33956.5835833452,DD
Plectocarpon nephromeum,41.837890625,10.816659375,30.30521875,0.259865625,117.8249375,56.51014375,184.441021875,1.8220875,0.2635310687909742,397.79301444142504,27.513323522328648,0.0,212.1449583751484,406.8319998349581,11.92792538133157,618.5314232157333,0.0444197295893839,143.30677275782435,27.40667686053504,0.8757156207113166,1298.8086388751751,161.729574172425,11.29255995909319,748.4888435058431,547.7293378506844,24.93669630888721,1046.4297967965235,0.3652908857599245,529.7455675032744,110.75878516881448,16,48,17559.7412416676,EN
Buglossoporus quercinus,49.299856250000005,7.100875,15.7073,0.054925,240.967125,99.49285187499994,96.4473,1.612393749999997,-0.2053913858735481,342.08919433389485,158.8506663735507,0.0,43.13264602276043,3.6027355301478816,59.18642009866363,491.0050051730569,0.064363700065326,8.084587531566193,3.022769196816734,0.7180702338688191,4469.0164783231,920.1459635253794,900.0,828.3252528472276,176.35094126704985,76.26256240895333,703.7714234648811,0.7495106418373356,1258.0187281546362,29.891007273883577,111,276,83246.2179787336,EN
Bacidia laurocerasi,24.47325,51.87496875,17.4119,0.8749875,133.15671874999998,120.43215625,66.68753124999999,1.7394937499999998,0.347310086758845,190.1391033781258,30.612602580493917,0.0,43.20201533044089,27.89147099713858,22.811312059650874,515.5734148694117,0.1113966657883458,74.56059177778033,6.59430716925432,0.8033138691406235,3152.8525779401793,818.4765410214911,900.0,803.5856766931824,323.4023315456179,76.89923213243021,653.0275492956014,0.32471341673002,1605.100272568461,83.6985424501373,31,48,156756.284323625,EN
Pyrenula nitidella,50.593430625,22.611321875,12.80125,0.495088125,207.415915625,104.63661062500005,61.817231250000006,1.229100625,0.0188052382388804,484.4298741356486,174.5942096520523,0.0,97.63613005202352,15.77030548299019,59.076515163061934,516.7690589198965,0.1045971855101905,188.41626763596383,5.602716357261822,0.7594517839014596,3342.477979313353,767.0777076828692,847.4210640618277,897.9289122608554,150.13652423311947,77.47713164781585,763.8679678143687,0.5060149738539114,1042.592827977791,47.89574197605516,100,148,85621.8405781592,EN
Leptogium cyanescens,45.73425,28.16976,20.84131,0.5736,189.34327499999992,109.250095,82.834595,1.954325,0.0644843829140697,234.42933708614808,72.1924681243517,0.0,23.042830952895013,21.581112233750986,25.608738534667584,509.31482105895793,0.0190848740944306,46.81652414402193,5.62637205159882,0.7989073164406518,2275.640492057343,635.3340648555039,828.4824225037864,739.6152418683583,422.7177468265528,73.90775044320668,862.4539792440307,0.5787563962555284,628.4477676993188,43.08451069067418,278,372,192866.348184199,EN
Mutinus caninus,37.75275,18.834025,9.285275,0.707775,215.43925,141.98195,61.0061,1.553425,0.2538103956162619,363.4752563725798,198.3128849668072,0.0,37.96719169549737,9.689857788269617,66.77879521653628,598.3194350658091,0.0896861431069096,108.82164314951132,3.619168252269735,0.8319705986447188,4428.916468535344,902.8541134731718,900.0,850.2693531157687,168.9927058410632,79.05998054603313,883.029533005018,0.4243652534669936,998.4409463288928,49.162669909410944,445,976,30180.4300971971,LC
Aspilidea myrinii,8.044427500000001,0.0,4.5767412499999995,0.0,255.0,18.95656,255.0,1.48411625,0.0278392573561396,27.21922583127378,6.314483256164652,0.0,7.341632412005907,673.2111039271706,-40.18055167823105,512.20603942363,0.0349920228319786,2.7282411147614303,32.86963334357738,0.681733010372587,731.2271204219401,209.71399148756777,84.75365319624622,223.9127564527503,1259.155890285827,6.408319840091444,1040.9796696960432,0.2994907109365584,431.03143093916253,151.12434702263755,20,68,100028.754485788,LC
Naucoria striatula,46.280403125,19.132659375,14.819461875,0.672048125,206.17042812500003,142.94791312500004,71.80116812500002,1.7853675000000002,0.1096553403078059,699.3867144726173,114.88699909168716,0.0,33.63134163979606,9.475063214168646,40.9104491010205,515.735827426618,0.0735686134267361,169.1150320102204,4.276671278683114,0.7833710142719296,2905.525396147722,697.5400975253792,833.650692618339,741.8574977709344,231.17558910511517,77.22856411177274,837.9674698051065,0.7188929710771094,898.2765447838265,48.29484384074493,52,172,167496.422927657,LC
Melanoleuca strictipes,38.130375,18.18773875,18.2571225,0.533811875,206.03942187500007,104.31284937500004,76.44625750000002,1.97965,0.1276051519025915,348.36589749289027,100.12383182362554,0.0,28.45890939099788,11.1997006359305,22.540804068906624,538.3218807581604,0.0732346081373968,79.40782585944497,5.148569132509693,0.8348694186884797,3480.202996371612,879.6315476545263,900.0,802.9911785417149,345.84427958213973,76.56586068217479,876.279041404205,0.6202779318012219,936.6055113592012,54.28811208105341,546,1548,318029.739357823,LC
Lepraria jackii,35.197875,29.363899999999997,18.90163125,0.5147499999999999,188.42890625,116.9236875,62.94976875,1.90088125,0.175360959883707,296.47600962571323,16.541556293170274,0.0,127.56809629275789,19.012896474133218,7.396031193076778,513.1949895575441,0.0704239936656276,44.20125268124396,6.108748367977617,0.832512363845142,4003.002186346279,905.35519542858,909.6483294171256,866.15056108,711.1137965707102,76.55374966803402,822.7704581002572,0.3227930583325193,945.1076000863928,43.96129230991063,31,96,158882.020115718,LC
Conferticium ochraceum,34.857,32.000275,19.90681,0.70704,160.30202499999996,115.86106499999998,69.7293,2.232075,0.1528308754567833,195.31545137537836,21.1597630204235,0.0,99.78205116196293,21.777486339163467,2.1039656295042723,556.3838937413503,0.0611294963674807,32.847577805576776,7.14424416401252,0.8064105381065928,2932.5456190248315,717.0285245629826,839.5219916453814,775.7379262505264,672.7387956170957,60.81870273012024,790.4048094788453,0.3948474008691925,1272.89219589993,66.40617718961406,315,916,348179.653699063,LC
Micarea denigrata,41.6882475,12.476875,15.0582025,0.493165,214.06045,108.1473025,79.92754249999997,2.1819325,0.0524633841476773,185.08333938227983,26.749617232364244,0.0,15.136946568115404,8.804503146699453,-5.013382251270179,511.5720019364586,0.0878722724359363,25.88266090901367,5.31430198681122,0.8031944291788153,3713.872228699683,888.0717073815626,900.0,843.3693033570011,510.3687952881324,74.86804467270827,920.7198557973866,0.4802796690478184,1064.938446314982,74.71351514023719,199,712,488864.931448,LC
Stereocaulon subcoralloides,31.998225,25.56362,14.6002975,0.3463975,195.3969375,103.9756625,80.23952499999999,2.00135,0.0668139449758405,242.91550698592113,44.65530709171269,0.0,29.001665153749165,7.6515856901938735,25.31636814900694,507.6604163142887,0.0986322378195236,32.83984285502487,8.423065731451256,0.7310772928912064,3991.968911782295,990.2493445314424,900.0,829.4964644675011,333.7115575303124,74.77442546848364,840.696078987095,0.5256197924746485,1143.4279768310746,43.259693706343846,47,164,207667.339833176,LC
Albertiniella polyporicola,61.8914875,26.33867,20.95449125,0.90601375,196.1098625,92.45687499999998,64.14692,1.8168737499999992,0.2821911342414922,917.7446834839864,290.8510599141433,114.6861006415458,65.5914339325537,13.400346104715585,54.55689757673818,540.408569024919,0.1316556753376929,141.86499764975326,5.914459029636411,0.6366776653258114,4411.238778184443,992.686962323518,904.2752192749964,844.558916467089,190.68378976896713,77.9292627854357,789.1141411572905,0.4118726895266532,1421.2403108671228,39.473506823784106,23,64,67941.2581805788,LC
Lepista sordida,34.566818749999996,6.32675,12.338195,0.4967875,239.198875,104.51960249999998,69.10176374999996,1.7821899999999984,0.0828772066555887,720.5991993260114,152.5034788746251,0.0,40.49828917338126,6.613137756069521,52.13773535716335,498.4210418735954,0.0744754899621949,153.523641774172,3.502370049824237,0.7913295392845103,4337.728030311344,959.7975634447592,900.0,836.897153493939,204.04282106053617,78.37089128167135,782.0166695389827,0.6021624720933144,1094.4790365932106,38.99194808407928,343,964,183167.322758753,LC
Amanita citrina,41.244725,21.11475,12.297955000000002,0.320405,205.496275,125.537575,94.7937499999999,1.724162499999998,0.0998982751642542,499.8635356558513,154.5936366514523,0.0,37.07892869166507,7.955871213214656,55.724671493693194,507.48552770324847,0.0773735381890181,111.57010535813237,3.929334046190316,0.8004929304992501,4317.379658517732,955.1944238625208,900.0,841.8036567393754,184.5673952825518,78.01031057793668,864.7562420619174,0.5769369791736926,1122.2686327898266,41.16533360884443,4775,8624,206449.605773954,LC
Urnula hiemalis,42.452025000000006,23.1198375,15.31605,0.7091624999999999,192.3451875,89.2724125,67.3717125,1.7054874999999998,0.0710419889333502,684.3964592205251,62.041720125807046,0.0,143.7433919060493,8.368868278368007,-4.547786279667903,467.0660067118726,0.1020216850508894,204.69987638293705,3.489170998348055,0.7028140224861803,4568.135563287841,926.2590524675198,916.4811282081596,853.3721535212096,275.05594271028303,75.0,692.6142725957143,0.3563147090541149,1217.2373565189089,36.780014445311394,182,236,299009.446922885,LC
Cetraria muricata,32.178440625,11.906823125,14.22743625,0.392634375,217.3737656249997,106.362245,86.25141624999988,1.8314168749999984,0.109224927384763,200.97616221649432,100.85818215512708,0.0,73.515762412036,6.688568337863467,19.118334341067285,502.7401873377069,0.0716834521428292,37.487436219632855,4.3826360129518065,0.7725103153250937,3876.515660213444,974.7274904771372,900.0,833.6747093411592,499.8466401121456,76.9802975238363,774.7425991508335,0.4779366110198485,1030.5903849318065,48.95498500226814,144,440,355359.277016832,LC
Nephroma parile,32.172690625,22.800509375,17.947334374999997,0.6210775000000001,148.75427812499998,108.943931875,75.88252687499997,2.2774681249999995,0.1334902512770105,61.484305852357416,12.681950288903158,0.0,17.220906483683788,30.081959313875902,-9.811128546021113,487.7862361018024,0.0593448268854816,7.567529143763866,7.632499100850591,0.8282938248653768,2006.9485483719131,529.5392251456755,723.9251480838305,720.0834853493955,652.4841471251601,69.43168869417033,914.580626075431,0.4471717943273504,692.518218477581,79.02007349776562,14717,32556,598549.639497266,LC
Placynthium nigrum,25.6768075,1.246985,10.5803925,0.0195075,253.23325,87.31351249999999,99.17882749999998,1.5360549999999995,-0.0531507251844753,448.0809682320263,128.85951721451346,0.0,78.09085997293612,3.757282091521692,26.95722568304301,488.6076328509892,0.0990585178183046,112.63817179494256,3.6258574132270542,0.781330315763362,4200.702294857726,867.5736417617072,891.8900365152023,878.9418312465974,385.5791135652197,76.42231112793183,751.051546175803,0.507274864252283,1030.9373660666838,35.42957268451494,159,448,231828.517081332,LC
Inocybe hirtella,50.997190625,20.013625,12.71143625,0.5847899999999999,206.8753531250001,135.181225,113.094475,1.9625006250000008,0.1549605412300736,564.3976614532841,175.86227777993815,0.0,16.057873126279873,9.46952847793903,53.84980021206996,489.1377237303316,0.0841516303477693,132.96552364385144,3.4234885259035317,0.8068485867444429,3494.5513822910307,891.3636140721256,898.0419563808772,831.7226000853431,171.5933356425884,77.50496460073187,770.5260767960658,0.5317597524573439,843.2872994109445,41.94680330223246,316,648,158154.971857517,LC
Cortinarius rubellus,34.379475,40.0166425,18.7032075,0.73975,152.658125,118.0484325,72.00872499999996,2.2037299999999997,0.1876091748845541,325.1643915486312,101.52296832729178,0.0,52.98926070449127,27.33276902977773,24.4319226952816,546.0478315288395,0.0685489906972726,66.09841847886439,6.8625836455600275,0.8207562131666569,3141.670916447511,854.2741548034818,900.0,776.1089236933879,289.145336696864,72.81356722584893,910.7252074062218,0.4861274434551167,967.6955753807568,43.69966470891728,2286,4492,342920.025928428,LC
Tetramelas triphragmioides,32.98469375,10.57345375,14.895265625,0.73698875,186.00475624999993,72.325299375,59.083718124999955,1.7392193749999991,-0.0341932006898477,24.876981428132435,8.529786012608747,0.0,16.347195415523736,584.7910420588524,-5.0915334379420205,614.1932037753486,0.0395554801130579,3.0892440132394143,25.87089470451896,0.7822089923915323,1095.1857625190828,94.27845050513956,18.702302028829273,693.6842498895904,873.307862807794,14.943001252629898,845.1106739322963,0.2979287513613319,514.8428043568449,82.71259031757651,22,80,7932.47469999512,LC
Calloria urticae,48.095355,6.82735,11.44775,0.5829000000000001,233.00324999999995,102.12485249999996,70.66302499999999,1.5748274999999994,0.0454219800065,882.2345933107343,193.73217385139444,0.0,110.36784725350928,7.74156092833474,53.880858758417595,521.3597774758504,0.082876990212329,185.27270332212584,3.2351774350962756,0.7133203599440406,5121.640268656846,997.9291655431626,935.073599338423,890.9589535807935,194.23299246907075,79.44351335686513,830.2155290247725,0.5647303211737482,1207.784803355561,35.23626555030517,481,1272,184172.474362461,LC
Mycetinis scorodonius,42.282125,9.73366875,14.2442125,0.46555,222.0523125,106.64550625,80.759975,1.77888125,0.1151167991917891,503.2419426851968,137.04161786341396,0.0,39.55421818109463,7.445591593573583,50.13737540764565,506.88206343908985,0.0848171097447589,115.10318525506428,4.234006489326254,0.809041562675668,4216.708284392571,952.8464415149368,900.0,840.6360808549293,211.151363754615,78.1281693010071,812.1342127636808,0.6149805297463571,1081.9097246100396,41.45553391859468,1823,4408,246368.173964788,LC
Blastenia crenularia,43.57975,8.2365,17.853225,0.00585,232.844875,93.15375,206.951275,1.39755,-0.0753569808715045,548.5443392810564,133.1690984665101,0.0,35.629995514749474,4.36001992780639,56.97838230296664,504.2860425710403,0.1103240297014686,66.43846515969007,3.831718168532265,0.8194796471271736,2866.161561192099,830.7441641119837,883.202923126256,725.169368155043,129.82564472997305,76.73748809329923,863.4070667597678,0.627388464800529,784.2854996156873,42.5131390599757,122,372,119403.349582125,LC
Bovista furfuracea,30.996890000000004,3.7422175,11.51339875,0.447655,244.5466375,89.61018125,72.43657999999999,1.543525,0.1539176547215331,759.909817373636,177.67706053363844,0.0,44.99954221134631,6.613769045061694,54.135407719580414,481.9970980825913,0.0743170207244924,105.39174891023396,3.169034430008929,0.7682009118343827,3967.177649068726,913.516058894828,895.2503466705132,816.0927810127888,210.5383970422687,78.18625173674393,742.2759914381301,0.4814375424668952,1049.3232480713848,27.94974883612047,251,532,143706.350293407,LC
Lecanora caesiosora,44.8032125,17.571535,18.110145,1.0215725,183.29275,98.595865,71.37461750000001,1.7296075,0.0866784489064602,103.26078931300606,13.549012843556811,0.0,27.67085274788804,46.12100641996034,1.0779750445226934,572.1619967386519,0.0936498631679407,7.807100930078054,10.184770737223564,0.8021939669730158,1998.325653705144,512.5652866111266,699.5881359746232,701.4648748474327,786.8238236621308,72.77782586144635,974.6255191547664,0.3925697727687885,634.0099296453043,95.52273396203888,29,104,124994.978923885,LC
Ochrolechia androgyna,36.9903625,16.1661875,16.351893750000002,0.4797625,205.23240625,106.468225,79.48466875,2.15478125,0.0854610137905452,107.36570344643492,22.76351337226142,0.0,28.15785390714352,13.64800960049228,6.427357120316979,514.066224415535,0.0680880885554981,7.272245205547389,6.210273407734627,0.8401726692158749,3760.752208426377,914.0884903475848,900.0,806.7458295532631,654.2300974259322,76.0,922.2212036441928,0.5950511867362376,1076.3440116360175,66.1347744530591,861,2212,405076.428451219,LC
Micarea nitschkeana,41.629887499999995,6.266545625,17.52409,1.049411875,238.358825,114.97634,78.14874812499998,2.426608749999999,0.1778079285807136,322.2782935174434,15.84389886808166,0.0,78.67795904637039,16.206690786246803,11.25372416842059,506.3593396432297,0.0673406299616386,51.98722769191274,4.298794921268287,0.8182730327742359,1949.6418307665217,594.9371509937489,689.7160528077551,602.1316170367656,629.9044019103536,77.06771116684082,947.4981696162616,0.3463551545132197,685.3146297732567,87.32089257953268,20,76,176902.612043828,LC
Inosperma calamistratum,34.80364375,16.89011125,18.2900875,0.568255,177.12391874999946,123.22207124999996,63.72560499999997,2.0470224999999993,0.2644932984051754,175.62421788344176,25.84065167370581,0.0,22.802844956966585,28.088179758862108,1.9191693980234896,554.1019407958946,0.0798423984258691,23.50893044118035,8.787452953368199,0.856613066363572,2655.7519756278853,823.5581180985896,900.0,674.0052770849836,688.5018798546987,72.22618148984128,920.6165428785428,0.4935905227670787,892.461928675902,80.91918772688881,200,560,404446.979070247,LC
Iodophanus carneus,39.8931675,13.076935,20.98801,0.6690175,213.3331625,98.96567749999998,67.549495,2.405115,0.1724718888816646,950.2049525527724,218.60527706677013,13.20721657178328,98.9353572369292,6.62563041306857,33.65452897158945,541.8081937066746,0.1149747777423328,97.5019125413454,3.5563766360114273,0.746519553096735,5467.896290771285,998.8651504781774,919.2357293395672,865.4009861959036,287.7539381607696,79.94701980782425,765.4750534395995,0.415363646146305,829.9195104356982,46.815293238953785,13,44,112936.276044856,LC
Biatora meiocarpa,40.78849375,4.376656250000001,19.205205,0.62873875,238.2940625,94.31151375,83.26292124999989,2.0135575,0.2950827823288809,82.82001703555446,12.33485275553378,0.0,28.016448960624945,47.33466796848816,-21.886924041114113,467.9897365578494,0.0737000261382505,9.200487925090812,12.8390872299716,0.7927728363550205,2630.4698607342893,589.6380095342569,624.4484266371761,796.8247300678868,771.311708708848,62.19515253605308,978.6868084340804,0.3801290994721848,842.5243627659174,104.07875350985476,36,144,268131.947911072,LC
Cladonia ramulosa,26.26120125,25.248500625,17.703635625,0.527869375,187.129365625,110.389625,72.03285187499998,1.8431024999999963,0.1111321818535319,548.0452492926711,131.19840952361096,0.0,43.17642887424745,13.764096555162547,52.975815751643594,527.8106312112034,0.0693615004859189,112.7164271418066,7.060304844849031,0.8319819989577935,3665.761480284887,787.5607241227322,884.4271534869337,863.5865102869626,254.44920534722016,76.7309610493429,927.5237743561262,0.4444640743701804,1167.8368601224545,50.24046446184715,38,124,113316.84914286,LC
Xylographa trunciseda,31.9378,25.973585,17.740630000000003,0.3405700000000001,151.4217749999999,99.95007,81.72132999999998,2.2600249999999997,0.2373181097355247,44.84058219205268,15.486469219983272,0.0,7.960183051019696,34.08370376906146,-1.7867234453469285,514.5210912909083,0.0775319944974054,8.137889699738952,7.697825229128393,0.7973503468559585,2040.7246508028709,406.7022172307815,627.700177280991,764.7884564872263,772.2070385361452,67.50761697021956,1026.8765659410503,0.4783536187454694,733.3495035082449,75.94530826759372,50,176,250638.365950739,LC
Rinodina mniaroea,15.144615000000002,1.4755325,11.3761125,0.8618725,254.7550125,46.024205,40.5771875,1.46077,0.2002442387629815,88.65584020033101,10.00680060073351,0.0,53.73020731601795,666.3829424388103,-11.838672851636982,662.5037362435526,0.0820382707487998,11.163249376921431,30.07051067846965,0.7397994100062809,861.2880130447976,204.6941436771716,92.65065063056164,666.4640694282832,1104.888666770291,10.853240278607336,1021.5309986718304,0.3567743528699418,499.0925084134826,113.51235306113162,13,40,10475.885833423,LC
Laccaria laccata,38.239531250000006,18.082844375,14.159355625,0.48048125,205.60569374999983,114.12693124999996,79.27376874999972,2.0041043749999976,0.1340037033050078,286.2459777031145,64.60758615020221,0.0,35.70962720657584,10.31885358937026,18.81380756035236,519.957404520485,0.0717181015599628,63.729741529239085,4.925742311482226,0.8192115276933984,4077.8460552367737,943.2215474604368,900.0,828.7202679653909,399.38388761035065,77.60778507069226,853.9197727922314,0.567797142137564,1071.817248431524,48.03424467305926,8894,15560,451802.050913763,LC
Usnea hirta,38.587725,14.431098750000002,16.950284375,0.3536375,214.26300312499995,104.739145625,89.47793812499997,2.21682875,0.0310033211652932,268.9482644160177,71.67996832579303,0.0,45.12101441248435,7.991655699549654,19.217039537671,514.4573603551797,0.0826788193992614,44.47172108289075,4.612825817569923,0.7910888217746248,4184.970589007332,934.1470402588296,900.0,844.7736249170358,371.5255892282568,75.04768139067706,777.6947588277741,0.5867197468068346,1362.4447346655568,38.92380316691308,2002,5020,431407.931967538,LC
Rinodina exigua,30.9904375,13.057825,14.0683125,0.5042,216.4786875,101.54348125,72.446575,1.7177125,-0.0664488403984702,440.9455948987787,104.41160011578236,0.0,17.817310430048156,6.544368759498332,32.543735211935214,491.639442441838,0.0764266938236208,70.65447658729096,3.3273194394436025,0.7775018536234977,5157.899344467101,931.564525197648,922.7853584521636,895.4029168406565,354.83255283318135,77.83331611805065,767.2161579636895,0.5584558964437363,839.5455555030793,39.45390295883876,132,388,233388.841310787,LC
Lactarius dryadophilus,112.6895,0.4939,7.969325,0.79124,255.0,27.068999999999985,56.82748499999999,1.45894,0.2668325242666242,26.956404096556415,5.787723650375575,0.0,0.0,605.1888796219232,-27.326908070610124,619.0311555685358,0.0783883552896074,8.338246673689934,31.56033688718896,0.7532718416876107,1378.2866055962827,178.2235605054226,435.7306352222921,477.1967081490628,1039.000122942909,10.524349468439814,1042.5893171555017,0.2474179523240773,520.4402886003517,110.74352632489264,25,76,41308.2361708406,LC
Lepra amara,38.52918,16.602675,16.351855,0.34702125,211.411453125,105.38718062499998,87.10482562499999,1.901525,0.0300529285417559,254.632446620387,99.82103006177265,0.0,49.223130475544366,4.541333805834396,35.767628436581916,510.42083790099986,0.0593857566339078,61.052770262470496,4.768666111798589,0.8273553987142629,4131.146754322926,943.550260202324,900.0,837.825062269261,332.9475663845772,77.00694206591484,883.8660054209079,0.6035328017982006,1171.294751639597,42.47397831636631,3900,7544,279886.218793396,LC
Felipes leucopellaeus,34.0805625,46.203821875,14.96129375,0.711425,128.321390625,113.413146875,68.01649375,2.227025,0.1370195735613185,142.6675711502294,53.781378519240235,0.0,29.72670796224325,11.536523803638287,23.18288838602466,514.5644202438057,0.0639844837725665,16.79256105224158,5.164558764026723,0.8467080663260158,1932.258044907916,539.4904855801046,725.2289073669257,707.6418457246651,386.3515792003607,73.0,919.1839607481744,0.4753920439010722,644.2579805903998,52.70400131047746,10411,19472,408915.092132257,LC
Marasmius wynneae,42.010075,18.852955,9.44715875,0.3248275,214.7268375,136.6756225,84.15711875,1.4733074999999998,-0.1305535154621472,687.4157511404972,198.6798297138987,0.0,17.298154880810667,6.887909198362489,50.23517827025849,489.04837411840265,0.0982059025992258,111.31011513753376,3.954149267714952,0.7824094282015872,3150.5077526476944,754.9576410954999,851.6556815682201,787.2652782478443,127.61027058938316,78.01933645327605,743.8602383026988,0.589085109972791,953.3284084182131,41.48140883912325,210,464,170985.424926059,LC
Biatora cuprea,41.906805000000006,0.3711900000000001,5.7732,0.0,254.996325,39.51631499999995,255.0,1.5485749999999996,0.1501141178587213,10.957574698719808,6.930144970118195,0.0,3.211069674898952,673.0370907722337,-40.43866294936102,559.6776607430202,0.0801487678513815,2.825841583103205,35.125416573686465,0.7678292639415718,824.8845651788325,144.14959513190104,65.49145928800847,718.0058692705713,1311.9540875802145,13.103215949480376,1052.3975269319706,0.3306496745647819,440.76611423820145,204.35179522276,25,72,71562.0202888806,LC
Calicium parvum,34.520775,38.18140625,18.004886250000002,0.63648375,141.39102187499995,110.50482874999996,75.21092187499997,2.4518506249999987,0.1321447799749194,63.75335141905277,24.3699736276058,0.0,12.108638653808224,17.840978342650423,3.021027193925505,513.5279369293575,0.0680448312479587,6.0715468782458215,6.844011130871291,0.8347355801177863,2858.0725810775043,799.8066059105437,874.6100349843879,769.1095496450027,464.7175319611746,68.67170840483394,790.9832341216572,0.4547783288596891,892.2256195740986,52.84069564331698,3778,8848,499325.325037576,LC
Lactarius pubescens,36.147065,9.30071,13.29809,0.3407,222.5504499999999,105.54129499999998,91.84071999999988,2.013054999999999,0.1368463531107576,258.6614819620571,23.015226607492444,0.0,22.043308789565156,7.799373212099404,-3.29187079371508,477.011534886023,0.0711899890009086,50.97032771670125,3.2574992085114194,0.7931873770616045,4561.97252729917,984.413549230506,902.7160456601764,854.2642061094738,629.0292145005435,78.0817653898974,827.8239176209889,0.5358323325127956,1124.5683011954177,63.9484828766845,1472,3972,574271.991508934,LC
Clitocybe fragrans,40.84643125,14.69024375,14.17650625,0.5007125,212.339875,108.50831875,78.87943125,1.83166875,0.0812578759198741,504.1695088294404,146.84965829411507,0.0,38.73245625120443,10.0995595169982,30.17483936689805,514.9328154829054,0.0683422656016553,109.64268093085995,4.621965769911269,0.816701841414536,4218.75867717883,942.38737218262,900.0,842.4748917059561,267.82682450615795,77.26412510934924,800.2166457584465,0.6429653061856595,1214.0569731375228,43.356153795514594,2132,4808,347613.436941794,LC
Byssoporia terrestris,33.121640625000005,27.34152375,20.60032625,0.9472575,140.64192499999996,95.21273874999994,68.15862124999998,2.375995625,0.2378057582762095,47.42769591058663,9.354317383981543,0.0,18.671629287451545,35.622265486106976,-10.1293999845745,480.4569897603951,0.0652246917653498,4.554530789186722,7.336511451003745,0.8005477066765364,2723.2874027580333,774.3698446578863,900.0,746.5422680336627,669.498481143241,66.68401427688286,751.3959381543741,0.355434507608726,799.630037147303,66.17986846516838,274,864,406203.319404467,LC
Nectria cinnabarina,42.858434375,10.87165,13.432875,0.534104375,224.94170000000005,104.96520125,77.17998750000005,1.6858500000000003,0.0143893044420147,718.4244169608008,163.31954715438513,0.0,70.78286550517836,8.316952666044616,40.562697179929195,510.27865116201633,0.0496424240676829,167.7229867968602,3.541385989181552,0.7565050424593279,5090.14575937978,999.5555114257446,929.3637235718344,891.4411908549936,225.5627564111236,79.0,879.7729580684867,0.533012580028652,1283.0526472976514,42.40366420411453,2499,5816,338400.288278252,LC
Tolypocladium ophioglossoides,34.81905,40.267869999999995,14.5057275,0.6917025,157.6247,126.5344575,64.9679775,2.0838925,0.1616938160731171,314.50135172622885,99.13722872820748,0.0,42.73916539487058,21.555879160703757,24.0271698813385,526.3511645519927,0.0654480100346615,53.85508614885326,6.506230813881342,0.8321083216143548,4254.98665799117,976.8409465589692,903.0917563887076,848.2235340101305,304.69076376115845,76.07290166828973,910.9923321179144,0.3926689954785648,1236.6755235349135,42.515525553385906,1004,2564,299095.936688287,LC
Clavulinopsis corniculata,44.043,7.397339375000001,13.236205625,0.46555,232.823803125,98.57148937499996,75.52986437499999,1.8177431249999996,0.0538689410117674,446.4994890518742,99.4899806366228,0.0,45.708208826479,7.831008969494934,30.74253348731651,496.9535728141866,0.0690262343330506,93.14889313224047,3.9276309896030734,0.7936397482658746,4225.581638721583,913.2653585859188,900.0,832.4442083324868,352.4261580019237,77.62430565632351,861.6918152444382,0.5595675667049983,1102.628592705987,43.49137764618541,2217,4424,327675.409008678,LC
Resupinatus applicatus,31.755406250000004,7.293446875000001,12.666974375,0.191328125,231.009128125,111.07411749999996,119.21137062499956,2.094473124999999,0.1706980055923191,487.205831702391,159.87581619283935,0.0,66.89583375885971,7.534008992405345,48.44481962491787,508.1178793950269,0.096478029124014,144.40994922269942,3.747928740391079,0.8167378799241047,5324.109915766932,988.2395383827972,923.6719625764398,870.7214853152886,257.829589778495,78.94444278012857,879.7089322794061,0.4169814389762268,1103.3514520762076,43.34097760434576,112,396,249520.942229261,LC
Lecanora fuscescens,41.878956249999995,4.13092875,10.357276875,0.499709375,237.380575,81.25833499999999,72.885959375,2.2148818749999997,0.131210911209468,72.33401072742612,9.051510208113276,0.0,25.154670900941248,40.46653735159318,-24.081890968828866,464.1457711786072,0.0873992492911987,9.101326899434394,9.057837740652722,0.7078548565241695,1750.375526559677,465.4569519754888,664.4042816896635,618.2787469093855,890.08448762478,64.66854842991204,943.0511662612709,0.5390889417210607,572.9523179353182,110.78624512498212,29,112,362735.505560834,LC
Capitotricha rubi,57.5449625,23.464062499999997,22.82075,0.55266875,202.60421875,82.24140625000001,65.53479999999999,1.57316875,0.022465466720711,703.0151058603205,53.91544807484825,0.0,480.17859480249433,15.047436274913697,5.559017138258652,592.9708644958719,0.0776330378401978,216.1195500496548,7.040502560423126,0.7333600042466148,4900.502606511845,935.9440380393922,874.4146791608997,834.8350960724404,418.0070862423591,78.251938731709,726.2712887339612,0.5403429432827923,1262.8680862074198,56.021620295948225,11,44,130894.479737864,LC
Placynthium rosulans,41.885671875,0.0,25.7612575,0.0,255.0,71.50588749999999,255.0,2.26071375,0.0533690428929635,77.8701240399843,9.002649697100408,0.0,0.0,54.18508639073058,-14.647421815363527,514.8967031001719,0.0212364457243943,12.868086981213349,9.680848978115888,0.7090845565728083,781.93851977962,282.9135796616829,0.0,650.7784718002767,789.1454911590379,65.00475792971244,987.2856893238971,0.5187250906946893,345.4884040352313,71.44952506319844,18,68,260698.132431063,LC
Biatora sphaeroidiza,38.0206,21.85868,29.227208125,1.03609125,119.68235,87.77761812499999,67.16565624999998,1.768969375,0.2863955800681587,54.908482598428805,13.112079364004426,0.0,18.45227627217122,186.15391075269957,5.600157728777814,623.0282510674123,0.0778657460226399,4.796423042177433,16.252243172945683,0.8371472831444439,1077.9605278466636,264.7875834828201,353.325588798872,596.4412262035777,758.3373341171259,45.305961976571446,1025.9916425423394,0.299233458311445,353.7703916808942,75.58238377209288,34,128,120444.980068626,LC
Umbilicaria polyrrhiza,44.43549375,13.601436875,15.05322625,0.056814375,211.58011875,104.94006249999998,100.48492812499998,2.1466693749999997,0.2006645437731418,370.6890857690885,125.43367086160532,0.0,68.21126407139019,10.288817153034875,52.18354816626022,518.23559066996,0.0760930198659768,56.944804876653386,5.049090383989564,0.8184301114211902,3896.718138163869,984.9423299388568,900.0,809.3848440373614,191.07380035321057,72.1106735188804,884.0000252586038,0.5108647016252574,1042.3070466780273,41.22837121265997,84,268,126151.798777019,LC
Hypomyces aurantius,36.999725,17.211380000000002,15.60663,0.777595,212.9302,141.227655,65.52052499999992,2.060324999999999,0.1642635596669283,476.58814795153654,101.41269479548082,0.0,89.77764295776589,10.103737418879437,41.1551958846979,543.3470054829476,0.0846996471410978,125.91476203912694,3.138840749828435,0.8458557496372674,4723.107703101008,988.4000623128276,914.1154740146887,910.3796966418134,209.751095069316,78.10291361704614,778.8549278487699,0.500586975233741,1185.3455909747738,43.713079770845425,155,512,197052.932718887,LC
Bertia moriformis,44.13966875,16.00353875,11.44775,0.596058125,212.316646875,136.93848187499995,71.87189499999998,1.716958749999996,0.0953789702843537,556.5975571045645,153.6151396667888,0.0,39.14864886709693,10.943388302906031,52.1370813755175,522.972243259302,0.0909129027674988,147.5717108256233,3.993350948465858,0.8199457399163357,4374.486355894019,987.5717156189148,900.0,840.6470435642813,231.9273389883136,78.30800330902328,890.0403423641585,0.4924061748373368,1218.6729097959285,47.31973083518573,347,1036,163481.723685046,LC
Cudoniella acicularis,54.92575,27.485153125,17.16454375,0.67636875,194.3836875,159.296115625,55.578753125000006,1.64009375,0.0949046771314061,605.2603426933608,199.4765619992625,0.0,92.43807626726672,13.191738141681292,56.0315146442074,619.5798281430276,0.0682254812473592,161.6046989692041,6.017751522905689,0.8084987336381821,4617.781710729939,999.6939218165464,976.177974624622,859.2244746477379,247.16651564995556,78.14109217019741,922.0908823900036,0.3851306831022045,1285.644738099235,47.765697620317376,86,256,42807.4029445167,LC
Coccomyces leptideus,43.49193125,30.356671875,15.134046875,0.7991312500000001,186.676840625,107.64300875,63.64755499999995,2.02195375,0.1230677191199979,687.4096177500081,106.20082689427036,0.0,246.6924176440336,13.503209601760709,24.91134820532409,522.1897198321194,0.0910064860344397,167.4515381193448,5.01385788496957,0.7718289808744364,4901.808271584883,998.4467074041596,951.4981774868934,856.7358037671921,221.95367145440025,78.0,884.1790246177048,0.3913558919571935,1360.9622660343755,35.266635286654875,59,172,237571.624268953,LC
Rhodocollybia butyracea,37.7466375,26.945303125,15.686836875,0.568648125,188.2501093749999,116.06201125,73.915365,2.017063125,0.1292211868997257,290.66496055658007,82.48961555940147,0.0,37.908093837398,12.443281481146592,22.064480324640552,521.1512861087405,0.0712492021939997,61.87237019293014,5.536823409582759,0.8252633328100589,4028.4245151712585,918.6903705008488,900.0,830.1867035042178,326.67149234790253,76.99942139154922,878.0076979824737,0.5552592663702898,1126.1556428605986,45.24490913467661,2305,5512,416631.258363563,LC
Vouauxiella lichenicola,57.032390625,3.11095,8.359131249999999,0.612,244.111921875,85.088353125,60.941834375,1.517221875,0.086010634555991,783.5272552020306,165.78141897536602,0.0,37.65080653923321,6.17276916683916,58.195063969667686,490.24338116791387,0.0516149140050532,170.48009617223374,3.505837593528125,0.7208000451403682,4785.399125325015,943.445791432192,900.301941618636,875.1197419294222,213.36548546743748,80.05462821689831,738.2310798777489,0.406916905390611,1018.6960653050188,21.448635876901022,96,276,118427.334736617,LC
Flammula pinicola,43.767819375,31.02621,21.54774,0.96689,166.861125,85.676971875,57.752670625,1.815361875,0.1470763207217943,383.02911651617865,174.33292048480476,0.0,41.15357362239581,39.01345828420832,53.02648284359055,552.1809967175884,0.0857492158807335,145.01951365274613,7.307894703400934,0.8399624089367643,3140.920184520126,977.2915228286024,900.0,735.9578366402561,193.67841833118,71.89292956082961,810.6039033157782,0.5318168903110716,1154.1313387461837,33.593121346638334,42,136,64951.2112370439,LC
Pilophorus cereolus,37.278855,12.419065,20.863465,0.65437,158.68049999999988,98.8372,66.7357375,2.1418299999999997,0.2725502162785987,45.587207617352675,11.993105885940372,0.0,24.531795084223393,205.64516540527205,0.6987409664663107,551.0897789789033,0.0585049661285668,6.283611249761178,14.445608560812069,0.8247986073581162,1502.4200533367202,384.08847808227296,688.0580868130179,612.7756705077759,764.488138498065,42.57534311795127,1045.989217030524,0.475753676925089,508.6731369379699,104.2408371072537,54,180,132389.56825065,LC
Crinipellis scabella,59.4229125,2.6991625,9.5005975,0.3783675,245.56435,92.97107750000002,129.4275575000002,1.4059625,0.0583127340464868,843.9404801798989,192.91889211354737,0.0,28.29514630787128,4.8880714099596805,58.99554825945362,483.92552754439737,0.0923902946207637,150.15749261403568,3.2866192703140125,0.7545197790893542,4422.636805883694,953.069080110509,900.0,838.4374221568494,115.7365546409794,79.0,750.7940085698497,0.6527520100099027,1103.9312457720666,31.140682699222555,310,744,148597.435765703,LC
Hypomyces lateritius,44.025725,26.926958750000004,16.4965425,0.50333375,173.15593125,110.02073875,67.690545,1.7078650000000002,0.1290176671473034,644.8146551522593,71.99839632602439,0.0,94.17937274731634,13.916706717469465,22.576308209369337,488.4887375740637,0.0931220720080778,165.13054400094325,3.2476492700190667,0.8057349600713939,3701.657844722275,852.6752566698623,899.6229690814948,834.4380993377893,446.17711376310245,76.0,862.5226653478477,0.4770975713290962,1395.6288793478866,47.10695819490566,84,292,292208.256310297,LC
Sidera vulgaris,43.82675,16.732646875,17.125215625,0.23613125,209.024046875,123.532590625,82.0498125,1.7972875,0.1057025182636217,304.81907390723336,150.6624873739095,0.0,58.32849016336943,27.944781379412262,55.38361588634508,558.8371106881086,0.0943549829332848,125.12719623750496,6.726571079468236,0.8417803502063305,4523.210180552323,1000.0,995.0960631261826,846.6205887506935,207.05076182950108,77.32907417351713,913.3350253388296,0.4602606894115121,1088.9964079981603,42.79843523453866,107,340,106324.272514446,LC
Cortinarius citrinofulvescens,43.9678875,52.85368375,19.16875,0.8014,131.124625,112.47483625,71.83998499999997,2.10783125,0.1549399097130202,275.2084744054882,64.05538007768732,0.0,16.274717798945343,36.05378846136564,19.357665319069103,552.655856213656,0.0745891017033795,87.35483260696572,8.607858947119183,0.874143827633078,3007.826357511144,806.7532350289877,741.9963688053988,758.6182486242853,403.51197319254015,65.46157030139337,873.42290953593,0.4544245467456714,1130.505863915053,59.660419820243376,60,184,206806.352487038,LC
Capronia pilosella,37.7285,13.94224,16.26553125,0.72313375,218.14299375,152.192505,68.74560250000002,1.75410125,0.1234187360022854,708.9219224233673,277.2924115693411,0.0063795884716323,80.39779570159828,14.067390121370872,56.22416134416114,553.0064429808717,0.0989589352235764,209.8072518332804,7.551195434265393,0.7605594013583857,4985.36160627535,969.1763565191789,927.5813426952152,841.572376877447,142.310656204843,78.38339808929835,759.0263985294742,0.5075079476324139,1463.8485339412146,34.22167011983609,19,60,62383.2246476865,LC
Trametes pubescens,36.5639875,16.43162,16.5380775,0.355165,207.490771875,108.195230625,89.19178562499991,2.115989999999999,0.0425982786047009,96.11595745785884,21.129409487542116,0.0,27.372137786950596,7.478537475616261,-10.78901362835927,483.215790519055,0.065559631339989,13.856183655951956,4.044499461619642,0.8017299965763006,4483.769114815319,971.3775046270242,905.80953800823,857.8145839464565,540.9728146097768,76.97652585202668,794.6900329574856,0.4897366621426986,1331.1596995411655,52.577786866151826,655,2284,549819.384039916,LC
Cortinarius traganus,35.6465,34.25758625,17.609103125,0.7511675000000001,154.4474625000001,114.33561187500004,68.679324375,2.1540781250000003,0.217440479771183,192.0760892024112,27.398815732761776,0.0,38.96901799025103,17.12070518400556,-2.6367929198363305,493.2518918541596,0.0673857668561157,30.30741933682237,6.555614164564396,0.8209680545039127,3242.1801540569904,825.7380413377766,900.0,792.2326657481677,484.31979173604367,70.75807250704635,853.2967854814115,0.436990179751253,1093.3307480529445,51.63214962105623,3821,8328,529435.063869574,LC
Entoloma longistriatum,35.3332575,18.002405625000005,16.36292,0.4683,201.99594062500017,102.01591375,69.120525,2.00698,0.2061261024046871,501.2858235848971,78.42773105015259,0.0,21.08197797864924,11.194956368033392,26.889531319538516,498.2422326273937,0.0783662127315976,135.73285168835096,5.294548522465856,0.8199049406251124,3726.666182746909,816.8143799436015,898.6676453432245,792.3039203371904,395.2171391114341,75.21338596212473,919.187539471542,0.5147121399998263,887.8579309819135,48.70237324033491,172,440,256423.542870567,LC
Conocybe macrospora,51.923071875000005,14.249739375,15.35770375,0.570385625,220.78836249999995,115.48068749999996,64.60943187499998,1.6926487499999996,0.2035943837525103,499.8227276454148,116.36567691008554,0.0,48.28574014944807,15.175388024074016,38.755595935888294,542.4306707451127,0.0494163346627402,157.37314677739363,8.56510813276048,0.7434021810281835,3485.6307561128265,820.8240286866599,892.076410101153,809.9218445989515,230.95993165795392,78.04050407244101,895.3232463232359,0.3874221118983446,859.6229313229956,35.464939935900695,20,80,107443.431304105,LC
Cladonia subcervicornis,16.0124375,4.171128125,23.657215625,0.0,244.55371875,101.712884375,255.0,1.76240625,-0.1677188710218312,337.4313231267803,147.19673741078432,0.0,22.320991691712212,3.255947240358381,55.8343858601492,520.6803503701352,0.1112515401875689,113.121784420215,4.285474611284746,0.7979068592915642,3259.010999095989,825.5112861464523,900.0,815.9897283400538,162.2414545298626,76.11205031865971,908.2848703905148,0.6000267526300742,845.1810066153565,38.27987068199437,57,196,102967.112951136,LC
Resupinatus poriaeformis,35.7355325,19.16266625,16.27989125,0.368455,209.92245,102.791635,82.33243500000005,1.47866125,0.0024758909757643,514.026632188146,140.0751072287956,0.0,16.80390414992369,6.120500110350154,52.828619256270144,521.901785828918,0.0569927678555918,153.37215886958182,5.097998306391096,0.817229888974758,4702.788226283901,960.0282777528548,897.7606639746703,858.6173459096849,269.15795309238507,78.24092996996794,875.0522277832449,0.5001204875776208,930.1591967171256,46.05656365032887,48,160,143173.239129015,LC
Butyriboletus appendiculatus,40.454281249999994,33.707725,12.72344375,0.60221875,180.20275,126.03395,74.0207125,1.53220625,0.2263062165863344,697.4499402917997,189.72415701392356,0.0,46.1648897918701,10.931354281019107,56.07610988930562,489.4950015053847,0.0880876249852771,136.70624783388226,4.508783009032876,0.8322238638494811,4402.703123042822,999.5523139277574,903.368070468008,847.1947529368957,210.79620475535643,77.52063383992947,854.2764117780531,0.5227979135305902,1103.421855939377,42.48084842168141,439,840,136020.690056106,NT
Alyxoria ochrocheila,38.54635,19.19201,10.90434,0.2715937499999999,207.74500624999996,126.16320499999992,140.79447374999995,1.8081,0.0819605277643225,350.21927283751285,144.09258825519734,0.0,55.21119546418169,5.387986076932581,61.32527044449026,505.12860134297074,0.076454464660894,109.78421288972793,2.6156014850539644,0.8191790100733738,3585.3229088778808,810.1433576626409,867.1311160645937,826.9515461426407,169.0524791654292,77.57700807337612,907.5471695958328,0.5690689777575618,1042.164633717231,41.084498368995824,1344,2056,127901.452855556,NT
Lentaria byssiseda,34.11425,20.8078375,13.948875,0.4240875,195.984375,116.5433,79.438475,1.9452625,0.0788944148633644,319.9261549489618,105.6250580455568,0.0,27.047899685238217,9.61060598535363,28.02537940764156,488.97258850755657,0.0634354765055806,92.89120747214268,4.3890373731750145,0.8182622984426255,3851.320502133024,902.544862218301,900.0,779.3225251940742,376.0535809754464,76.98325879482005,882.508256775656,0.5436718323881883,1296.4496237380888,47.65669617351965,342,864,269323.222650378,NT
Tremellodendropsis tuberosa,52.32374875,18.1625075,20.9932175,0.5032862499999999,197.31305000000003,101.94128625,74.81921625000003,1.7185,0.2404441960479727,561.7358261868217,116.7793256007717,0.0,33.47597159006108,12.350084913479428,39.43681460792983,519.5356801336351,0.102162401830744,163.7604119807592,6.751782654389867,0.7669786031011411,5138.980323168405,1000.0,966.9124879711218,841.6935915969799,293.68122111066054,69.13279561736714,751.1022478719003,0.4434503221791397,1083.456232304417,37.43954492502778,125,220,158373.977111388,NT
Tulostoma niveum,38.314375,4.578540625,10.21864375,0.63775,245.219671875,99.649109375,60.98275,1.512284375,0.0682479758201745,371.5923680005458,126.89224694970817,0.0,42.26930847386475,18.10903650527553,53.282955446400535,490.8107370732434,0.0866806307699407,63.09847397986339,4.30116725203749,0.729940014200263,3093.2233126251326,661.5542717087332,785.4571266229723,887.7985944928747,170.1253604384856,75.0,716.1261458897833,0.5135806910867412,860.2861741746515,31.491538000094724,327,168,108029.345561481,NT
Pannaria hookeri,60.373425,6.417004375,30.92304,1.1211675,231.105115625,15.275295,35.83277125,1.335378125,0.6110966689968276,120.53012241100448,18.238146090350313,0.0,68.62860084441341,664.9350520011704,10.62187666350463,1057.4343359841305,0.0952709912646272,36.18436704582266,68.49097165384525,0.7948499334810276,247.23801752212563,23.463293211963705,0.0,155.15501743882552,740.4675430078778,15.40686630092573,1080.5939704193192,0.136376513438347,124.10337710425276,90.78793709666164,14,8,0.397237474268436,NT
Russula carpini,42.46632125,18.443135,13.7739775,0.82566875,204.2171375,97.87264,52.73823250000001,1.1153175000000002,0.2071849689423771,902.090211145069,318.8784983991038,0.0,86.84784906295789,18.57663835158353,73.42644986112569,564.8589317200522,0.0816395100879277,78.33129851168235,5.343141728227125,0.7994877463221386,5552.799427670818,999.080169653432,923.7290906077884,939.357079638081,109.88657714594204,78.65334895228376,690.0705035334142,0.4609023229674837,1254.279648076278,14.902677198444088,15,48,4760.62183251367,NT
Inonotopsis subiculosa,46.9014375,19.245100625,21.252214375,1.118274375,137.69862499999996,111.035475,76.48234624999999,1.9618074999999953,0.1047130635283101,136.58377599231653,14.778465040692206,0.0,50.023604762715095,121.78980435250328,-11.188581613349976,483.5041497238647,0.0660938603294898,20.075083224667537,11.924270807770997,0.8195490989508645,1063.3664140966578,170.90331317095067,67.98518857511583,688.466885353428,655.8330253836199,36.14560198373613,688.5643647501095,0.3183556089187223,526.8889050133065,77.12818401592864,38,84,125044.27868903,VU
Amanita franchetii,56.37573125,17.1005,13.1816125,0.543075,213.50053125,98.105575,69.63654375,1.348775,0.1182559654015943,627.9277215108821,176.01189633007334,0.0,14.508074888944996,7.946368689176057,57.73468552220691,491.0178330207672,0.1149110418674782,120.25397905404576,2.423245451259063,0.7623012195173062,4853.528693246408,958.9922028772024,900.0,851.6512421729182,149.88756580185472,80.09300110476852,773.174027922615,0.5232008994462635,1043.2116168629475,38.82164617626645,133,284,120750.479740166,VU
Gregorella humida,59.438566875,21.53143875,11.9555575,0.84648625,206.83754062499997,80.415600625,61.91206812499998,1.623011875,0.1691682330082623,850.2662095257135,157.98190893238095,0.0,79.54171537620049,16.927954541529086,50.72216880026321,554.6166007648662,0.0828093373731414,237.7772695449451,6.67172920981264,0.7334898001087882,4535.371579578617,895.8506612782705,900.0,809.2729421427849,237.7759580158844,72.6307979604133,801.841492432339,0.4424512908416587,1476.7254617987085,56.58518222198627,44,120,77317.4488745679,VU
Cortinarius fraudulosus,40.307175,35.0369075,9.3123275,0.6659175,148.3356,95.03436,65.8966375,1.2034649999999998,0.1493258972301622,425.9023610849956,160.6372792155354,0.0,111.2167530956589,7.176539051045129,70.08149087307712,514.3426492347356,0.0712858782450442,113.62840637375314,3.873218486931521,0.7912093047390575,1780.7805478505993,413.70816706309984,461.83843708896217,741.0137892840148,67.17157203442952,73.5178473454269,540.3333790365841,0.4687189179557829,707.985474014186,12.617195851398549,1318,812,2385.28275367334,VU
Hydnellum fennicum,36.76225,43.9228425,15.426326875,0.459999375,152.23359062499992,115.64922,87.380175,2.1183856249999993,0.1620223690132351,184.5814360753305,28.055718381958577,0.0,44.045607706495346,9.252990590974353,16.35927588990115,520.8019196043692,0.0689736241992803,32.254458656098315,4.753030953536423,0.8316239591492068,3099.03713519895,762.6960133437033,900.0,791.3541294726538,501.4810356186731,72.19996542647776,761.4165972849553,0.4527480100217186,1120.4483363602149,48.542965018886534,742,1556,394613.496501924,VU
Poronia erici,124.862965625,29.319476875,34.341997500000005,0.235246875,182.2862875,60.5234025,206.739339375,0.8115631249999997,0.1091993047178694,1388.464667707377,300.28026216998757,0.0,446.1768853371456,4.820231935914552,76.41981056133652,584.1418086772072,0.0964323436792118,347.72678388898055,4.583592424500294,0.3535949368545555,2091.8432506189656,483.25140285480296,279.3123263911372,736.0752279635633,46.51042536602538,78.96110882188094,603.2057135409957,0.6902449959070064,770.145883753904,11.772481149660033,19,32,26.8926296937704,VU
Ramaria sanguinea,40.762903125,35.13025,12.955441875,0.428105,190.17176249999991,135.377565625,82.18479687499999,1.438775,0.2363412700529444,536.1706347118372,155.3831538462454,0.0,39.41194800953705,10.66567859572782,50.794687168522586,518.279019469875,0.0716528138313068,94.96428201453251,5.104265278985548,0.8373437307298703,2986.523941357449,771.0649834909104,854.0728078102935,748.793605850388,144.7461854958038,77.69089527370525,741.9122727661196,0.4834863545037298,1541.6695426847268,51.06612340679983,446,572,166055.462746582,VU
